{
    "avg_prec": {
        "train": 0.9722221301030615,
        "test": 0.9205585689329817
    },
    "roc_auc": {
        "train": 0.9857784406497642,
        "test": 0.9444331739753404
    }
}